display_name,stub,dropdown_parent
Home,/,
About,/about.html,
Research Features,
Overview,/#features,Research Features
Ray McDonald - All American,/features/mcdonald.html,Research Features
A History of the Black Student Union,/features/bsu.html,Research Features
A Course for Black History,/features/black_history_course.html,Research Features
The First Black Graduate - Jennie Eva Hughes,/features/hughes.html,Research Features
Browse,/browse.html,
Subjects,/subjects.html,
Timeline,/timeline.html,
Data,/data.html,
