object_location,image_small,image_thumb
/objects/PG2_115-221.jpg,/objects/small/pg2_115-221_sm.jpg,/objects/thumbs/pg2_115-221_th.jpg
/objects/against-bsu_1971-03-17.jpg,/objects/small/against-bsu_1971-03-17_sm.jpg,/objects/thumbs/against-bsu_1971-03-17_th.jpg
/objects/arg-1951-02-23_p002.jpg,/objects/small/arg-1951-02-23_p002_sm.jpg,/objects/thumbs/arg-1951-02-23_p002_th.jpg
/objects/arg-1952-04-01_p001.jpg,/objects/small/arg-1952-04-01_p001_sm.jpg,/objects/thumbs/arg-1952-04-01_p001_th.jpg
/objects/arg-1971-03-17_p005.jpg,/objects/small/arg-1971-03-17_p005_sm.jpg,/objects/thumbs/arg-1971-03-17_p005_th.jpg
/objects/arg-1971-04-20_p007.jpg,/objects/small/arg-1971-04-20_p007_sm.jpg,/objects/thumbs/arg-1971-04-20_p007_th.jpg
/objects/arg-1971-10-22_p011.jpg,/objects/small/arg-1971-10-22_p011_sm.jpg,/objects/thumbs/arg-1971-10-22_p011_th.jpg
/objects/arg-1971-12-10_p023.jpg,/objects/small/arg-1971-12-10_p023_sm.jpg,/objects/thumbs/arg-1971-12-10_p023_th.jpg
/objects/arg-1974-04-23_p011.jpg,/objects/small/arg-1974-04-23_p011_sm.jpg,/objects/thumbs/arg-1974-04-23_p011_th.jpg
/objects/arg_1971-03-12_pg5.jpg,/objects/small/arg_1971-03-12_pg5_sm.jpg,/objects/thumbs/arg_1971-03-12_pg5_th.jpg
/objects/arg_1973-01-23_p01.jpg,/objects/small/arg_1973-01-23_p01_sm.jpg,/objects/thumbs/arg_1973-01-23_p01_th.jpg
/objects/arg_1978-04-14.jpg,/objects/small/arg_1978-04-14_sm.jpg,/objects/thumbs/arg_1978-04-14_th.jpg
/objects/arg_2005-11-15.jpg,/objects/small/arg_2005-11-15_sm.jpg,/objects/thumbs/arg_2005-11-15_th.jpg
/objects/asa_2016-11-17_africanight_01.jpg,/objects/small/asa_2016-11-17_africanight_01_sm.jpg,/objects/thumbs/asa_2016-11-17_africanight_01_th.jpg
/objects/asa_2016-11-17_africanight_02.jpg,/objects/small/asa_2016-11-17_africanight_02_sm.jpg,/objects/thumbs/asa_2016-11-17_africanight_02_th.jpg
/objects/asa_2017-11-04_africanight_01.jpg,/objects/small/asa_2017-11-04_africanight_01_sm.jpg,/objects/thumbs/asa_2017-11-04_africanight_01_th.jpg
/objects/asa_2017-11-04_africanight_03.jpg,/objects/small/asa_2017-11-04_africanight_03_sm.jpg,/objects/thumbs/asa_2017-11-04_africanight_03_th.jpg
/objects/asa_2017-11-04_africanight_04.jpg,/objects/small/asa_2017-11-04_africanight_04_sm.jpg,/objects/thumbs/asa_2017-11-04_africanight_04_th.jpg
/objects/asa_2017-11-04_africanight_05.jpg,/objects/small/asa_2017-11-04_africanight_05_sm.jpg,/objects/thumbs/asa_2017-11-04_africanight_05_th.jpg
/objects/asa_2017-11-04_africanight_06.jpg,/objects/small/asa_2017-11-04_africanight_06_sm.jpg,/objects/thumbs/asa_2017-11-04_africanight_06_th.jpg
/objects/asa_2017-11_04_africanight_02.jpg,/objects/small/asa_2017-11_04_africanight_02_sm.jpg,/objects/thumbs/asa_2017-11_04_africanight_02_th.jpg
/objects/asa_2019-10-26_africanight_fashionshow_01.jpg,/objects/small/asa_2019-10-26_africanight_fashionshow_01_sm.jpg,/objects/thumbs/asa_2019-10-26_africanight_fashionshow_01_th.jpg
/objects/asa_2019-10-26_africanight_fashionshow_02.jpg,/objects/small/asa_2019-10-26_africanight_fashionshow_02_sm.jpg,/objects/thumbs/asa_2019-10-26_africanight_fashionshow_02_th.jpg
/objects/asa_2019-10-26_africanight_fashionshow_03.jpg,/objects/small/asa_2019-10-26_africanight_fashionshow_03_sm.jpg,/objects/thumbs/asa_2019-10-26_africanight_fashionshow_03_th.jpg
/objects/asa_2019-10-26_africanight_performances_01.jpg,/objects/small/asa_2019-10-26_africanight_performances_01_sm.jpg,/objects/thumbs/asa_2019-10-26_africanight_performances_01_th.jpg
/objects/asa_2019-10-26_africanight_performances_02.jpg,/objects/small/asa_2019-10-26_africanight_performances_02_sm.jpg,/objects/thumbs/asa_2019-10-26_africanight_performances_02_th.jpg
/objects/asa_2019-10-26_africanight_performances_03.jpg,/objects/small/asa_2019-10-26_africanight_performances_03_sm.jpg,/objects/thumbs/asa_2019-10-26_africanight_performances_03_th.jpg
/objects/asa_2019-10-26_africanight_performances_04.jpg,/objects/small/asa_2019-10-26_africanight_performances_04_sm.jpg,/objects/thumbs/asa_2019-10-26_africanight_performances_04_th.jpg
/objects/asa_2019-10-26_africanight_performances_05.jpg,/objects/small/asa_2019-10-26_africanight_performances_05_sm.jpg,/objects/thumbs/asa_2019-10-26_africanight_performances_05_th.jpg
/objects/athleticspromo_rayfront.jpg,/objects/small/athleticspromo_rayfront_sm.jpg,/objects/thumbs/athleticspromo_rayfront_th.jpg
/objects/athleticspromo_rayheismanpose.jpg,/objects/small/athleticspromo_rayheismanpose_sm.jpg,/objects/thumbs/athleticspromo_rayheismanpose_th.jpg
/objects/athleticspromo_raypiano.jpg,/objects/small/athleticspromo_raypiano_sm.jpg,/objects/thumbs/athleticspromo_raypiano_th.jpg
/objects/bsu_2011_jessejackson_01.jpg,/objects/small/bsu_2011_jessejackson_01_sm.jpg,/objects/thumbs/bsu_2011_jessejackson_01_th.jpg
/objects/bsu_2011_jessejackson_02.jpg,/objects/small/bsu_2011_jessejackson_02_sm.jpg,/objects/thumbs/bsu_2011_jessejackson_02_th.jpg
/objects/bsu_2014-01-16_lespurce.jpg,/objects/small/bsu_2014-01-16_lespurce_sm.jpg,/objects/thumbs/bsu_2014-01-16_lespurce_th.jpg
/objects/bsu_2014-03-27_blackhistorymonthpanel_01.jpg,/objects/small/bsu_2014-03-27_blackhistorymonthpanel_01_sm.jpg,/objects/thumbs/bsu_2014-03-27_blackhistorymonthpanel_01_th.jpg
/objects/bsu_2014-03-27_blackhistorymonthpanel_02.jpg,/objects/small/bsu_2014-03-27_blackhistorymonthpanel_02_sm.jpg,/objects/thumbs/bsu_2014-03-27_blackhistorymonthpanel_02_th.jpg
/objects/bsu_2014_femfest.jpg,/objects/small/bsu_2014_femfest_sm.jpg,/objects/thumbs/bsu_2014_femfest_th.jpg
/objects/bsu_2014_promotionboard_2014.jpg,/objects/small/bsu_2014_promotionboard_2014_sm.jpg,/objects/thumbs/bsu_2014_promotionboard_2014_th.jpg
/objects/bsu_2015_angeladavis_01.jpg,/objects/small/bsu_2015_angeladavis_01_sm.jpg,/objects/thumbs/bsu_2015_angeladavis_01_th.jpg
/objects/bsu_2015_angeladavis_02.jpg,/objects/small/bsu_2015_angeladavis_02_sm.jpg,/objects/thumbs/bsu_2015_angeladavis_02_th.jpg
/objects/bsu_2015_shadesofblack_01.jpg,/objects/small/bsu_2015_shadesofblack_01_sm.jpg,/objects/thumbs/bsu_2015_shadesofblack_01_th.jpg
/objects/bsu_2015_shadesofblack_02.jpg,/objects/small/bsu_2015_shadesofblack_02_sm.jpg,/objects/thumbs/bsu_2015_shadesofblack_02_th.jpg
/objects/bsu_2016_getinvolvedfair.jpg,/objects/small/bsu_2016_getinvolvedfair_sm.jpg,/objects/thumbs/bsu_2016_getinvolvedfair_th.jpg
/objects/bsu_2016_missafricaidaho.jpg,/objects/small/bsu_2016_missafricaidaho_sm.jpg,/objects/thumbs/bsu_2016_missafricaidaho_th.jpg
/objects/bsu_2017-10-07_homecoming_01.jpg,/objects/small/bsu_2017-10-07_homecoming_01_sm.jpg,/objects/thumbs/bsu_2017-10-07_homecoming_01_th.jpg
/objects/bsu_2017-10-07_homecoming_02.jpg,/objects/small/bsu_2017-10-07_homecoming_02_sm.jpg,/objects/thumbs/bsu_2017-10-07_homecoming_02_th.jpg
/objects/bsu_2017-10-07_homecoming_03.jpg,/objects/small/bsu_2017-10-07_homecoming_03_sm.jpg,/objects/thumbs/bsu_2017-10-07_homecoming_03_th.jpg
/objects/bsu_2017-10-07_homecoming_04.jpg,/objects/small/bsu_2017-10-07_homecoming_04_sm.jpg,/objects/thumbs/bsu_2017-10-07_homecoming_04_th.jpg
/objects/bsu_2018-03-23_protest_01.jpg,/objects/small/bsu_2018-03-23_protest_01_sm.jpg,/objects/thumbs/bsu_2018-03-23_protest_01_th.jpg
/objects/bsu_2018_officers_advisors.jpg,/objects/small/bsu_2018_officers_advisors_sm.jpg,/objects/thumbs/bsu_2018_officers_advisors_th.jpg
/objects/bsu_2018_protest_01.jpg,/objects/small/bsu_2018_protest_01_sm.jpg,/objects/thumbs/bsu_2018_protest_01_th.jpg
/objects/bsu_2020_blackstudentwelcome.jpg,/objects/small/bsu_2020_blackstudentwelcome_sm.jpg,/objects/thumbs/bsu_2020_blackstudentwelcome_th.jpg
/objects/bsu_associatedeanstudents.jpg,/objects/small/bsu_associatedeanstudents_sm.jpg,/objects/thumbs/bsu_associatedeanstudents_th.jpg
/objects/bsu_logo_2021-06-24.jpg,/objects/small/bsu_logo_2021-06-24_sm.jpg,/objects/thumbs/bsu_logo_2021-06-24_th.jpg
/objects/bsu_markedwards_01.jpg,/objects/small/bsu_markedwards_01_sm.jpg,/objects/thumbs/bsu_markedwards_01_th.jpg
/objects/bsu_markedwards_02.jpg,/objects/small/bsu_markedwards_02_sm.jpg,/objects/thumbs/bsu_markedwards_02_th.jpg
/objects/bsu_nsbe-ui_spokanetrip.jpg,/objects/small/bsu_nsbe-ui_spokanetrip_sm.jpg,/objects/thumbs/bsu_nsbe-ui_spokanetrip_th.jpg
/objects/bsu_soulfoodsunday.jpg,/objects/small/bsu_soulfoodsunday_sm.jpg,/objects/thumbs/bsu_soulfoodsunday_th.jpg
/objects/bsu_tabling.jpg,/objects/small/bsu_tabling_sm.jpg,/objects/thumbs/bsu_tabling_th.jpg
/objects/bsu_unityawards_01.jpg,/objects/small/bsu_unityawards_01_sm.jpg,/objects/thumbs/bsu_unityawards_01_th.jpg
/objects/bsu_unityawards_02.jpg,/objects/small/bsu_unityawards_02_sm.jpg,/objects/thumbs/bsu_unityawards_02_th.jpg
/objects/bsuhousing.pdf,/objects/small/bsuhousing_sm.jpg,/objects/thumbs/bsuhousing_th.jpg
/objects/bsuhousing2.pdf,/objects/small/bsuhousing2_sm.jpg,/objects/thumbs/bsuhousing2_th.jpg
/objects/gem_1966_p185.jpg,/objects/small/gem_1966_p185_sm.jpg,/objects/thumbs/gem_1966_p185_th.jpg
/objects/gem_1966_p206.jpg,/objects/small/gem_1966_p206_sm.jpg,/objects/thumbs/gem_1966_p206_th.jpg
/objects/gem_1966_p207.jpg,/objects/small/gem_1966_p207_sm.jpg,/objects/thumbs/gem_1966_p207_th.jpg
/objects/gem_claudia_hawkins_1973.jpg,/objects/small/gem_claudia_hawkins_1973_sm.jpg,/objects/thumbs/gem_claudia_hawkins_1973_th.jpg
/objects/gem_debra_baker_williams_1973.jpg,/objects/small/gem_debra_baker_williams_1973_sm.jpg,/objects/thumbs/gem_debra_baker_williams_1973_th.jpg
/objects/h1.pdf,/objects/small/h1_sm.jpg,/objects/thumbs/h1_th.jpg
/objects/h10.pdf,/objects/small/h10_sm.jpg,/objects/thumbs/h10_th.jpg
/objects/h11.pdf,/objects/small/h11_sm.jpg,/objects/thumbs/h11_th.jpg
/objects/h12.pdf,/objects/small/h12_sm.jpg,/objects/thumbs/h12_th.jpg
/objects/h13_101.pdf,/objects/small/h13_101_sm.jpg,/objects/thumbs/h13_101_th.jpg
/objects/h13_105.pdf,/objects/small/h13_105_sm.jpg,/objects/thumbs/h13_105_th.jpg
/objects/h13_107.pdf,/objects/small/h13_107_sm.jpg,/objects/thumbs/h13_107_th.jpg
/objects/h13_108.pdf,/objects/small/h13_108_sm.jpg,/objects/thumbs/h13_108_th.jpg
/objects/h13_110.pdf,/objects/small/h13_110_sm.jpg,/objects/thumbs/h13_110_th.jpg
/objects/h13_111.pdf,/objects/small/h13_111_sm.jpg,/objects/thumbs/h13_111_th.jpg
/objects/h13_112.pdf,/objects/small/h13_112_sm.jpg,/objects/thumbs/h13_112_th.jpg
/objects/h13_113.pdf,/objects/small/h13_113_sm.jpg,/objects/thumbs/h13_113_th.jpg
/objects/h13_115.pdf,/objects/small/h13_115_sm.jpg,/objects/thumbs/h13_115_th.jpg
/objects/h13_116.pdf,/objects/small/h13_116_sm.jpg,/objects/thumbs/h13_116_th.jpg
/objects/h13_117.pdf,/objects/small/h13_117_sm.jpg,/objects/thumbs/h13_117_th.jpg
/objects/h13_121.pdf,/objects/small/h13_121_sm.jpg,/objects/thumbs/h13_121_th.jpg
/objects/h13_145.pdf,/objects/small/h13_145_sm.jpg,/objects/thumbs/h13_145_th.jpg
/objects/h13_99.pdf,/objects/small/h13_99_sm.jpg,/objects/thumbs/h13_99_th.jpg
/objects/h16.pdf,/objects/small/h16_sm.jpg,/objects/thumbs/h16_th.jpg
/objects/h17.pdf,/objects/small/h17_sm.jpg,/objects/thumbs/h17_th.jpg
/objects/h19.pdf,/objects/small/h19_sm.jpg,/objects/thumbs/h19_th.jpg
/objects/h2.pdf,/objects/small/h2_sm.jpg,/objects/thumbs/h2_th.jpg
/objects/h20.pdf,/objects/small/h20_sm.jpg,/objects/thumbs/h20_th.jpg
/objects/h21.pdf,/objects/small/h21_sm.jpg,/objects/thumbs/h21_th.jpg
/objects/h22.pdf,/objects/small/h22_sm.jpg,/objects/thumbs/h22_th.jpg
/objects/h23.pdf,/objects/small/h23_sm.jpg,/objects/thumbs/h23_th.jpg
/objects/h25.pdf,/objects/small/h25_sm.jpg,/objects/thumbs/h25_th.jpg
/objects/h26.pdf,/objects/small/h26_sm.jpg,/objects/thumbs/h26_th.jpg
/objects/h27.pdf,/objects/small/h27_sm.jpg,/objects/thumbs/h27_th.jpg
/objects/h28.pdf,/objects/small/h28_sm.jpg,/objects/thumbs/h28_th.jpg
/objects/h29.pdf,/objects/small/h29_sm.jpg,/objects/thumbs/h29_th.jpg
/objects/h3.pdf,/objects/small/h3_sm.jpg,/objects/thumbs/h3_th.jpg
/objects/h33.pdf,/objects/small/h33_sm.jpg,/objects/thumbs/h33_th.jpg
/objects/h34.pdf,/objects/small/h34_sm.jpg,/objects/thumbs/h34_th.jpg
/objects/h39.pdf,/objects/small/h39_sm.jpg,/objects/thumbs/h39_th.jpg
/objects/h4.pdf,/objects/small/h4_sm.jpg,/objects/thumbs/h4_th.jpg
/objects/h40.pdf,/objects/small/h40_sm.jpg,/objects/thumbs/h40_th.jpg
/objects/h42.pdf,/objects/small/h42_sm.jpg,/objects/thumbs/h42_th.jpg
/objects/h43.pdf,/objects/small/h43_sm.jpg,/objects/thumbs/h43_th.jpg
/objects/h44.pdf,/objects/small/h44_sm.jpg,/objects/thumbs/h44_th.jpg
/objects/h45.pdf,/objects/small/h45_sm.jpg,/objects/thumbs/h45_th.jpg
/objects/h46.pdf,/objects/small/h46_sm.jpg,/objects/thumbs/h46_th.jpg
/objects/h47.pdf,/objects/small/h47_sm.jpg,/objects/thumbs/h47_th.jpg
/objects/h48.pdf,/objects/small/h48_sm.jpg,/objects/thumbs/h48_th.jpg
/objects/h49.pdf,/objects/small/h49_sm.jpg,/objects/thumbs/h49_th.jpg
/objects/h5.pdf,/objects/small/h5_sm.jpg,/objects/thumbs/h5_th.jpg
/objects/h50.pdf,/objects/small/h50_sm.jpg,/objects/thumbs/h50_th.jpg
/objects/h52.pdf,/objects/small/h52_sm.jpg,/objects/thumbs/h52_th.jpg
/objects/h54.pdf,/objects/small/h54_sm.jpg,/objects/thumbs/h54_th.jpg
/objects/h56.pdf,/objects/small/h56_sm.jpg,/objects/thumbs/h56_th.jpg
/objects/h6.pdf,/objects/small/h6_sm.jpg,/objects/thumbs/h6_th.jpg
/objects/h61.pdf,/objects/small/h61_sm.jpg,/objects/thumbs/h61_th.jpg
/objects/h63.pdf,/objects/small/h63_sm.jpg,/objects/thumbs/h63_th.jpg
/objects/h64.pdf,/objects/small/h64_sm.jpg,/objects/thumbs/h64_th.jpg
/objects/h67.pdf,/objects/small/h67_sm.jpg,/objects/thumbs/h67_th.jpg
/objects/h7.pdf,/objects/small/h7_sm.jpg,/objects/thumbs/h7_th.jpg
/objects/h74.pdf,/objects/small/h74_sm.jpg,/objects/thumbs/h74_th.jpg
/objects/h75.pdf,/objects/small/h75_sm.jpg,/objects/thumbs/h75_th.jpg
/objects/h76.pdf,/objects/small/h76_sm.jpg,/objects/thumbs/h76_th.jpg
/objects/h78.pdf,/objects/small/h78_sm.jpg,/objects/thumbs/h78_th.jpg
/objects/h79.pdf,/objects/small/h79_sm.jpg,/objects/thumbs/h79_th.jpg
/objects/h8.pdf,/objects/small/h8_sm.jpg,/objects/thumbs/h8_th.jpg
/objects/h84.pdf,/objects/small/h84_sm.jpg,/objects/thumbs/h84_th.jpg
/objects/h85.pdf,/objects/small/h85_sm.jpg,/objects/thumbs/h85_th.jpg
/objects/h87.pdf,/objects/small/h87_sm.jpg,/objects/thumbs/h87_th.jpg
/objects/h9.pdf,/objects/small/h9_sm.jpg,/objects/thumbs/h9_th.jpg
/objects/ha1.pdf,/objects/small/ha1_sm.jpg,/objects/thumbs/ha1_th.jpg
/objects/ha10.pdf,/objects/small/ha10_sm.jpg,/objects/thumbs/ha10_th.jpg
/objects/ha101.pdf,/objects/small/ha101_sm.jpg,/objects/thumbs/ha101_th.jpg
/objects/ha107.pdf,/objects/small/ha107_sm.jpg,/objects/thumbs/ha107_th.jpg
/objects/ha108.pdf,/objects/small/ha108_sm.jpg,/objects/thumbs/ha108_th.jpg
/objects/ha11.pdf,/objects/small/ha11_sm.jpg,/objects/thumbs/ha11_th.jpg
/objects/ha110.pdf,/objects/small/ha110_sm.jpg,/objects/thumbs/ha110_th.jpg
/objects/ha113.pdf,/objects/small/ha113_sm.jpg,/objects/thumbs/ha113_th.jpg
/objects/ha115.pdf,/objects/small/ha115_sm.jpg,/objects/thumbs/ha115_th.jpg
/objects/ha116.pdf,/objects/small/ha116_sm.jpg,/objects/thumbs/ha116_th.jpg
/objects/ha117.pdf,/objects/small/ha117_sm.jpg,/objects/thumbs/ha117_th.jpg
/objects/ha118.pdf,/objects/small/ha118_sm.jpg,/objects/thumbs/ha118_th.jpg
/objects/ha119.pdf,/objects/small/ha119_sm.jpg,/objects/thumbs/ha119_th.jpg
/objects/ha12.pdf,/objects/small/ha12_sm.jpg,/objects/thumbs/ha12_th.jpg
/objects/ha120.pdf,/objects/small/ha120_sm.jpg,/objects/thumbs/ha120_th.jpg
/objects/ha123.pdf,/objects/small/ha123_sm.jpg,/objects/thumbs/ha123_th.jpg
/objects/ha124.pdf,/objects/small/ha124_sm.jpg,/objects/thumbs/ha124_th.jpg
/objects/ha127.pdf,/objects/small/ha127_sm.jpg,/objects/thumbs/ha127_th.jpg
/objects/ha130.pdf,/objects/small/ha130_sm.jpg,/objects/thumbs/ha130_th.jpg
/objects/ha134.pdf,/objects/small/ha134_sm.jpg,/objects/thumbs/ha134_th.jpg
/objects/ha140.pdf,/objects/small/ha140_sm.jpg,/objects/thumbs/ha140_th.jpg
/objects/ha141.pdf,/objects/small/ha141_sm.jpg,/objects/thumbs/ha141_th.jpg
/objects/ha144.pdf,/objects/small/ha144_sm.jpg,/objects/thumbs/ha144_th.jpg
/objects/ha150.pdf,/objects/small/ha150_sm.jpg,/objects/thumbs/ha150_th.jpg
/objects/ha151.pdf,/objects/small/ha151_sm.jpg,/objects/thumbs/ha151_th.jpg
/objects/ha153.pdf,/objects/small/ha153_sm.jpg,/objects/thumbs/ha153_th.jpg
/objects/ha156.pdf,/objects/small/ha156_sm.jpg,/objects/thumbs/ha156_th.jpg
/objects/ha161.pdf,/objects/small/ha161_sm.jpg,/objects/thumbs/ha161_th.jpg
/objects/ha167.pdf,/objects/small/ha167_sm.jpg,/objects/thumbs/ha167_th.jpg
/objects/ha168.pdf,/objects/small/ha168_sm.jpg,/objects/thumbs/ha168_th.jpg
/objects/ha17.pdf,/objects/small/ha17_sm.jpg,/objects/thumbs/ha17_th.jpg
/objects/ha171.pdf,/objects/small/ha171_sm.jpg,/objects/thumbs/ha171_th.jpg
/objects/ha174.pdf,/objects/small/ha174_sm.jpg,/objects/thumbs/ha174_th.jpg
/objects/ha176.pdf,/objects/small/ha176_sm.jpg,/objects/thumbs/ha176_th.jpg
/objects/ha179.pdf,/objects/small/ha179_sm.jpg,/objects/thumbs/ha179_th.jpg
/objects/ha182.pdf,/objects/small/ha182_sm.jpg,/objects/thumbs/ha182_th.jpg
/objects/ha183.pdf,/objects/small/ha183_sm.jpg,/objects/thumbs/ha183_th.jpg
/objects/ha19.pdf,/objects/small/ha19_sm.jpg,/objects/thumbs/ha19_th.jpg
/objects/ha193.pdf,/objects/small/ha193_sm.jpg,/objects/thumbs/ha193_th.jpg
/objects/ha198.pdf,/objects/small/ha198_sm.jpg,/objects/thumbs/ha198_th.jpg
/objects/ha2.pdf,/objects/small/ha2_sm.jpg,/objects/thumbs/ha2_th.jpg
/objects/ha201.pdf,/objects/small/ha201_sm.jpg,/objects/thumbs/ha201_th.jpg
/objects/ha202.pdf,/objects/small/ha202_sm.jpg,/objects/thumbs/ha202_th.jpg
/objects/ha21.pdf,/objects/small/ha21_sm.jpg,/objects/thumbs/ha21_th.jpg
/objects/ha22.pdf,/objects/small/ha22_sm.jpg,/objects/thumbs/ha22_th.jpg
/objects/ha228.pdf,/objects/small/ha228_sm.jpg,/objects/thumbs/ha228_th.jpg
/objects/ha229.pdf,/objects/small/ha229_sm.jpg,/objects/thumbs/ha229_th.jpg
/objects/ha235.pdf,/objects/small/ha235_sm.jpg,/objects/thumbs/ha235_th.jpg
/objects/ha239.pdf,/objects/small/ha239_sm.jpg,/objects/thumbs/ha239_th.jpg
/objects/ha240.pdf,/objects/small/ha240_sm.jpg,/objects/thumbs/ha240_th.jpg
/objects/ha246.pdf,/objects/small/ha246_sm.jpg,/objects/thumbs/ha246_th.jpg
/objects/ha27.pdf,/objects/small/ha27_sm.jpg,/objects/thumbs/ha27_th.jpg
/objects/ha28.pdf,/objects/small/ha28_sm.jpg,/objects/thumbs/ha28_th.jpg
/objects/ha3.pdf,/objects/small/ha3_sm.jpg,/objects/thumbs/ha3_th.jpg
/objects/ha30.pdf,/objects/small/ha30_sm.jpg,/objects/thumbs/ha30_th.jpg
/objects/ha31.pdf,/objects/small/ha31_sm.jpg,/objects/thumbs/ha31_th.jpg
/objects/ha32.pdf,/objects/small/ha32_sm.jpg,/objects/thumbs/ha32_th.jpg
/objects/ha33.pdf,/objects/small/ha33_sm.jpg,/objects/thumbs/ha33_th.jpg
/objects/ha35.pdf,/objects/small/ha35_sm.jpg,/objects/thumbs/ha35_th.jpg
/objects/ha36.pdf,/objects/small/ha36_sm.jpg,/objects/thumbs/ha36_th.jpg
/objects/ha37.pdf,/objects/small/ha37_sm.jpg,/objects/thumbs/ha37_th.jpg
/objects/ha38.pdf,/objects/small/ha38_sm.jpg,/objects/thumbs/ha38_th.jpg
/objects/ha39.pdf,/objects/small/ha39_sm.jpg,/objects/thumbs/ha39_th.jpg
/objects/ha4.pdf,/objects/small/ha4_sm.jpg,/objects/thumbs/ha4_th.jpg
/objects/ha40.pdf,/objects/small/ha40_sm.jpg,/objects/thumbs/ha40_th.jpg
/objects/ha41.pdf,/objects/small/ha41_sm.jpg,/objects/thumbs/ha41_th.jpg
/objects/ha45.pdf,/objects/small/ha45_sm.jpg,/objects/thumbs/ha45_th.jpg
/objects/ha49.pdf,/objects/small/ha49_sm.jpg,/objects/thumbs/ha49_th.jpg
/objects/ha5.pdf,/objects/small/ha5_sm.jpg,/objects/thumbs/ha5_th.jpg
/objects/ha54.pdf,/objects/small/ha54_sm.jpg,/objects/thumbs/ha54_th.jpg
/objects/ha56.pdf,/objects/small/ha56_sm.jpg,/objects/thumbs/ha56_th.jpg
/objects/ha57.pdf,/objects/small/ha57_sm.jpg,/objects/thumbs/ha57_th.jpg
/objects/ha6.pdf,/objects/small/ha6_sm.jpg,/objects/thumbs/ha6_th.jpg
/objects/ha62.pdf,/objects/small/ha62_sm.jpg,/objects/thumbs/ha62_th.jpg
/objects/ha63.pdf,/objects/small/ha63_sm.jpg,/objects/thumbs/ha63_th.jpg
/objects/ha64.pdf,/objects/small/ha64_sm.jpg,/objects/thumbs/ha64_th.jpg
/objects/ha65.pdf,/objects/small/ha65_sm.jpg,/objects/thumbs/ha65_th.jpg
/objects/ha66.pdf,/objects/small/ha66_sm.jpg,/objects/thumbs/ha66_th.jpg
/objects/ha67.pdf,/objects/small/ha67_sm.jpg,/objects/thumbs/ha67_th.jpg
/objects/ha69.pdf,/objects/small/ha69_sm.jpg,/objects/thumbs/ha69_th.jpg
/objects/ha7.pdf,/objects/small/ha7_sm.jpg,/objects/thumbs/ha7_th.jpg
/objects/ha70.pdf,/objects/small/ha70_sm.jpg,/objects/thumbs/ha70_th.jpg
/objects/ha71.pdf,/objects/small/ha71_sm.jpg,/objects/thumbs/ha71_th.jpg
/objects/ha74.pdf,/objects/small/ha74_sm.jpg,/objects/thumbs/ha74_th.jpg
/objects/ha77.pdf,/objects/small/ha77_sm.jpg,/objects/thumbs/ha77_th.jpg
/objects/ha78.pdf,/objects/small/ha78_sm.jpg,/objects/thumbs/ha78_th.jpg
/objects/ha79.pdf,/objects/small/ha79_sm.jpg,/objects/thumbs/ha79_th.jpg
/objects/ha8.pdf,/objects/small/ha8_sm.jpg,/objects/thumbs/ha8_th.jpg
/objects/ha80.pdf,/objects/small/ha80_sm.jpg,/objects/thumbs/ha80_th.jpg
/objects/ha81.pdf,/objects/small/ha81_sm.jpg,/objects/thumbs/ha81_th.jpg
/objects/ha88.pdf,/objects/small/ha88_sm.jpg,/objects/thumbs/ha88_th.jpg
/objects/ha89.pdf,/objects/small/ha89_sm.jpg,/objects/thumbs/ha89_th.jpg
/objects/ha9.pdf,/objects/small/ha9_sm.jpg,/objects/thumbs/ha9_th.jpg
/objects/ha91.pdf,/objects/small/ha91_sm.jpg,/objects/thumbs/ha91_th.jpg
/objects/ha94.pdf,/objects/small/ha94_sm.jpg,/objects/thumbs/ha94_th.jpg
/objects/ha95.pdf,/objects/small/ha95_sm.jpg,/objects/thumbs/ha95_th.jpg
/objects/ha96.pdf,/objects/small/ha96_sm.jpg,/objects/thumbs/ha96_th.jpg
/objects/ha97.pdf,/objects/small/ha97_sm.jpg,/objects/thumbs/ha97_th.jpg
/objects/inside-bsu_1971-03-17.jpg,/objects/small/inside-bsu_1971-03-17_sm.jpg,/objects/thumbs/inside-bsu_1971-03-17_th.jpg
/objects/ma2000_29_001.pdf,/objects/small/ma2000_29_001_sm.jpg,/objects/thumbs/ma2000_29_001_th.jpg
/objects/ma2000_29_002.pdf,/objects/small/ma2000_29_002_sm.jpg,/objects/thumbs/ma2000_29_002_th.jpg
/objects/mariopile_01.jpg,/objects/small/mariopile_01_sm.jpg,/objects/thumbs/mariopile_01_th.jpg
/objects/mg122_b5_f123_raymcdonald_vandaleers_1966_001.jpg,/objects/small/mg122_b5_f123_raymcdonald_vandaleers_1966_001_sm.jpg,/objects/thumbs/mg122_b5_f123_raymcdonald_vandaleers_1966_001_th.jpg
/objects/mg122_b5_f123_raymcdonald_vandaleers_1966_002.jpg,/objects/small/mg122_b5_f123_raymcdonald_vandaleers_1966_002_sm.jpg,/objects/thumbs/mg122_b5_f123_raymcdonald_vandaleers_1966_002_th.jpg
/objects/mg122_b5_f12_raymcdonald_vandaleers_1966_001.jpg,/objects/small/mg122_b5_f12_raymcdonald_vandaleers_1966_001_sm.jpg,/objects/thumbs/mg122_b5_f12_raymcdonald_vandaleers_1966_001_th.jpg
/objects/mg122_b5_f12_raymcdonald_vandaleers_1966_002.jpg,/objects/small/mg122_b5_f12_raymcdonald_vandaleers_1966_002_sm.jpg,/objects/thumbs/mg122_b5_f12_raymcdonald_vandaleers_1966_002_th.jpg
/objects/mg368_f60_002.pdf,/objects/small/mg368_f60_002_sm.jpg,/objects/thumbs/mg368_f60_002_th.jpg
/objects/mg5758_001.jpg,/objects/small/mg5758_001_sm.jpg,/objects/thumbs/mg5758_001_th.jpg
/objects/mg5758_002.jpg,/objects/small/mg5758_002_sm.jpg,/objects/thumbs/mg5758_002_th.jpg
/objects/mg5758_003.pdf,/objects/small/mg5758_003_sm.jpg,/objects/thumbs/mg5758_003_th.jpg
/objects/mg5758_004.pdf,/objects/small/mg5758_004_sm.jpg,/objects/thumbs/mg5758_004_th.jpg
/objects/nsbe-ui_dels_2019_01.jpg,/objects/small/nsbe-ui_dels_2019_01_sm.jpg,/objects/thumbs/nsbe-ui_dels_2019_01_th.jpg
/objects/nsbe-ui_dels_2019_02.jpg,/objects/small/nsbe-ui_dels_2019_02_sm.jpg,/objects/thumbs/nsbe-ui_dels_2019_02_th.jpg
/objects/nsbe-ui_dels_2020.jpg,/objects/small/nsbe-ui_dels_2020_sm.jpg,/objects/thumbs/nsbe-ui_dels_2020_th.jpg
/objects/nsbe-ui_detriot_2019_01.jpg,/objects/small/nsbe-ui_detriot_2019_01_sm.jpg,/objects/thumbs/nsbe-ui_detriot_2019_01_th.jpg
/objects/nsbe-ui_detroit_2019_01.jpg,/objects/small/nsbe-ui_detroit_2019_01_sm.jpg,/objects/thumbs/nsbe-ui_detroit_2019_01_th.jpg
/objects/nsbe-ui_detroit_2019_02.jpg,/objects/small/nsbe-ui_detroit_2019_02_sm.jpg,/objects/thumbs/nsbe-ui_detroit_2019_02_th.jpg
/objects/nsbe-ui_detroit_2019_03.jpg,/objects/small/nsbe-ui_detroit_2019_03_sm.jpg,/objects/thumbs/nsbe-ui_detroit_2019_03_th.jpg
/objects/nsbe-ui_keystosuccess_2010_01.jpg,/objects/small/nsbe-ui_keystosuccess_2010_01_sm.jpg,/objects/thumbs/nsbe-ui_keystosuccess_2010_01_th.jpg
/objects/nsbe-ui_keystosuccess_2011_01.jpg,/objects/small/nsbe-ui_keystosuccess_2011_01_sm.jpg,/objects/thumbs/nsbe-ui_keystosuccess_2011_01_th.jpg
/objects/nsbe-ui_keystosuccess_2011_02.jpg,/objects/small/nsbe-ui_keystosuccess_2011_02_sm.jpg,/objects/thumbs/nsbe-ui_keystosuccess_2011_02_th.jpg
/objects/nsbe-ui_keystosuccess_2011_03.jpg,/objects/small/nsbe-ui_keystosuccess_2011_03_sm.jpg,/objects/thumbs/nsbe-ui_keystosuccess_2011_03_th.jpg
/objects/object_list.csv,,
/objects/offensereport.pdf,/objects/small/offensereport_sm.jpg,/objects/thumbs/offensereport_th.jpg
/objects/pg101-3560.jpg,/objects/small/pg101-3560_sm.jpg,/objects/thumbs/pg101-3560_th.jpg
/objects/pg101-3795.jpg,/objects/small/pg101-3795_sm.jpg,/objects/thumbs/pg101-3795_th.jpg
/objects/pg101-4310-001.jpg,/objects/small/pg101-4310-001_sm.jpg,/objects/thumbs/pg101-4310-001_th.jpg
/objects/pg101-4310-002.jpg,/objects/small/pg101-4310-002_sm.jpg,/objects/thumbs/pg101-4310-002_th.jpg
/objects/pg109_b2_f13-007.jpg,/objects/small/pg109_b2_f13-007_sm.jpg,/objects/thumbs/pg109_b2_f13-007_th.jpg
/objects/pg1_003-21-zoom.jpg,/objects/small/pg1_003-21-zoom_sm.jpg,/objects/thumbs/pg1_003-21-zoom_th.jpg
/objects/pg1_144-01.jpg,/objects/small/pg1_144-01_sm.jpg,/objects/thumbs/pg1_144-01_th.jpg
/objects/pg2_109_110.jpg,/objects/small/pg2_109_110_sm.jpg,/objects/thumbs/pg2_109_110_th.jpg
/objects/pg2_110_1.jpg,/objects/small/pg2_110_1_sm.jpg,/objects/thumbs/pg2_110_1_th.jpg
/objects/r1.pdf,/objects/small/r1_sm.jpg,/objects/thumbs/r1_th.jpg
/objects/r10.pdf,/objects/small/r10_sm.jpg,/objects/thumbs/r10_th.jpg
/objects/r11.pdf,/objects/small/r11_sm.jpg,/objects/thumbs/r11_th.jpg
/objects/r110a.pdf,/objects/small/r110a_sm.jpg,/objects/thumbs/r110a_th.jpg
/objects/r110b.pdf,/objects/small/r110b_sm.jpg,/objects/thumbs/r110b_th.jpg
/objects/r110c.pdf,/objects/small/r110c_sm.jpg,/objects/thumbs/r110c_th.jpg
/objects/r111a.pdf,/objects/small/r111a_sm.jpg,/objects/thumbs/r111a_th.jpg
/objects/r111b.pdf,/objects/small/r111b_sm.jpg,/objects/thumbs/r111b_th.jpg
/objects/r111c.pdf,/objects/small/r111c_sm.jpg,/objects/thumbs/r111c_th.jpg
/objects/r112.pdf,/objects/small/r112_sm.jpg,/objects/thumbs/r112_th.jpg
/objects/r113.pdf,/objects/small/r113_sm.jpg,/objects/thumbs/r113_th.jpg
/objects/r114.pdf,/objects/small/r114_sm.jpg,/objects/thumbs/r114_th.jpg
/objects/r12.pdf,/objects/small/r12_sm.jpg,/objects/thumbs/r12_th.jpg
/objects/r125.pdf,/objects/small/r125_sm.jpg,/objects/thumbs/r125_th.jpg
/objects/r126.pdf,/objects/small/r126_sm.jpg,/objects/thumbs/r126_th.jpg
/objects/r127.pdf,/objects/small/r127_sm.jpg,/objects/thumbs/r127_th.jpg
/objects/r128.pdf,/objects/small/r128_sm.jpg,/objects/thumbs/r128_th.jpg
/objects/r129.pdf,/objects/small/r129_sm.jpg,/objects/thumbs/r129_th.jpg
/objects/r13.pdf,/objects/small/r13_sm.jpg,/objects/thumbs/r13_th.jpg
/objects/r132.pdf,/objects/small/r132_sm.jpg,/objects/thumbs/r132_th.jpg
/objects/r133.pdf,/objects/small/r133_sm.jpg,/objects/thumbs/r133_th.jpg
/objects/r134.pdf,/objects/small/r134_sm.jpg,/objects/thumbs/r134_th.jpg
/objects/r135.pdf,/objects/small/r135_sm.jpg,/objects/thumbs/r135_th.jpg
/objects/r136.pdf,/objects/small/r136_sm.jpg,/objects/thumbs/r136_th.jpg
/objects/r137.pdf,/objects/small/r137_sm.jpg,/objects/thumbs/r137_th.jpg
/objects/r139.pdf,/objects/small/r139_sm.jpg,/objects/thumbs/r139_th.jpg
/objects/r14.pdf,/objects/small/r14_sm.jpg,/objects/thumbs/r14_th.jpg
/objects/r140.pdf,/objects/small/r140_sm.jpg,/objects/thumbs/r140_th.jpg
/objects/r141.pdf,/objects/small/r141_sm.jpg,/objects/thumbs/r141_th.jpg
/objects/r142.pdf,/objects/small/r142_sm.jpg,/objects/thumbs/r142_th.jpg
/objects/r143.pdf,/objects/small/r143_sm.jpg,/objects/thumbs/r143_th.jpg
/objects/r144.pdf,/objects/small/r144_sm.jpg,/objects/thumbs/r144_th.jpg
/objects/r145.pdf,/objects/small/r145_sm.jpg,/objects/thumbs/r145_th.jpg
/objects/r146.pdf,/objects/small/r146_sm.jpg,/objects/thumbs/r146_th.jpg
/objects/r147.pdf,/objects/small/r147_sm.jpg,/objects/thumbs/r147_th.jpg
/objects/r148.pdf,/objects/small/r148_sm.jpg,/objects/thumbs/r148_th.jpg
/objects/r149.pdf,/objects/small/r149_sm.jpg,/objects/thumbs/r149_th.jpg
/objects/r15.pdf,/objects/small/r15_sm.jpg,/objects/thumbs/r15_th.jpg
/objects/r150.pdf,/objects/small/r150_sm.jpg,/objects/thumbs/r150_th.jpg
/objects/r152.pdf,/objects/small/r152_sm.jpg,/objects/thumbs/r152_th.jpg
/objects/r153.pdf,/objects/small/r153_sm.jpg,/objects/thumbs/r153_th.jpg
/objects/r154.pdf,/objects/small/r154_sm.jpg,/objects/thumbs/r154_th.jpg
/objects/r155.pdf,/objects/small/r155_sm.jpg,/objects/thumbs/r155_th.jpg
/objects/r156.pdf,/objects/small/r156_sm.jpg,/objects/thumbs/r156_th.jpg
/objects/r157.pdf,/objects/small/r157_sm.jpg,/objects/thumbs/r157_th.jpg
/objects/r158.pdf,/objects/small/r158_sm.jpg,/objects/thumbs/r158_th.jpg
/objects/r159.pdf,/objects/small/r159_sm.jpg,/objects/thumbs/r159_th.jpg
/objects/r16.pdf,/objects/small/r16_sm.jpg,/objects/thumbs/r16_th.jpg
/objects/r160.pdf,/objects/small/r160_sm.jpg,/objects/thumbs/r160_th.jpg
/objects/r161.pdf,/objects/small/r161_sm.jpg,/objects/thumbs/r161_th.jpg
/objects/r162.pdf,/objects/small/r162_sm.jpg,/objects/thumbs/r162_th.jpg
/objects/r163.pdf,/objects/small/r163_sm.jpg,/objects/thumbs/r163_th.jpg
/objects/r164.pdf,/objects/small/r164_sm.jpg,/objects/thumbs/r164_th.jpg
/objects/r165.pdf,/objects/small/r165_sm.jpg,/objects/thumbs/r165_th.jpg
/objects/r166.pdf,/objects/small/r166_sm.jpg,/objects/thumbs/r166_th.jpg
/objects/r167.pdf,/objects/small/r167_sm.jpg,/objects/thumbs/r167_th.jpg
/objects/r168.pdf,/objects/small/r168_sm.jpg,/objects/thumbs/r168_th.jpg
/objects/r169.pdf,/objects/small/r169_sm.jpg,/objects/thumbs/r169_th.jpg
/objects/r17.pdf,/objects/small/r17_sm.jpg,/objects/thumbs/r17_th.jpg
/objects/r170.pdf,/objects/small/r170_sm.jpg,/objects/thumbs/r170_th.jpg
/objects/r172.pdf,/objects/small/r172_sm.jpg,/objects/thumbs/r172_th.jpg
/objects/r175.pdf,/objects/small/r175_sm.jpg,/objects/thumbs/r175_th.jpg
/objects/r18.pdf,/objects/small/r18_sm.jpg,/objects/thumbs/r18_th.jpg
/objects/r19.pdf,/objects/small/r19_sm.jpg,/objects/thumbs/r19_th.jpg
/objects/r2.pdf,/objects/small/r2_sm.jpg,/objects/thumbs/r2_th.jpg
/objects/r20.pdf,/objects/small/r20_sm.jpg,/objects/thumbs/r20_th.jpg
/objects/r21.pdf,/objects/small/r21_sm.jpg,/objects/thumbs/r21_th.jpg
/objects/r22.pdf,/objects/small/r22_sm.jpg,/objects/thumbs/r22_th.jpg
/objects/r23.pdf,/objects/small/r23_sm.jpg,/objects/thumbs/r23_th.jpg
/objects/r24.pdf,/objects/small/r24_sm.jpg,/objects/thumbs/r24_th.jpg
/objects/r25.pdf,/objects/small/r25_sm.jpg,/objects/thumbs/r25_th.jpg
/objects/r26.pdf,/objects/small/r26_sm.jpg,/objects/thumbs/r26_th.jpg
/objects/r29.pdf,/objects/small/r29_sm.jpg,/objects/thumbs/r29_th.jpg
/objects/r30.pdf,/objects/small/r30_sm.jpg,/objects/thumbs/r30_th.jpg
/objects/r31.pdf,/objects/small/r31_sm.jpg,/objects/thumbs/r31_th.jpg
/objects/r33.pdf,/objects/small/r33_sm.jpg,/objects/thumbs/r33_th.jpg
/objects/r36.pdf,/objects/small/r36_sm.jpg,/objects/thumbs/r36_th.jpg
/objects/r37.pdf,/objects/small/r37_sm.jpg,/objects/thumbs/r37_th.jpg
/objects/r38.pdf,/objects/small/r38_sm.jpg,/objects/thumbs/r38_th.jpg
/objects/r39.pdf,/objects/small/r39_sm.jpg,/objects/thumbs/r39_th.jpg
/objects/r4.pdf,/objects/small/r4_sm.jpg,/objects/thumbs/r4_th.jpg
/objects/r40.pdf,/objects/small/r40_sm.jpg,/objects/thumbs/r40_th.jpg
/objects/r41.pdf,/objects/small/r41_sm.jpg,/objects/thumbs/r41_th.jpg
/objects/r43.pdf,/objects/small/r43_sm.jpg,/objects/thumbs/r43_th.jpg
/objects/r44.pdf,/objects/small/r44_sm.jpg,/objects/thumbs/r44_th.jpg
/objects/r45.pdf,/objects/small/r45_sm.jpg,/objects/thumbs/r45_th.jpg
/objects/r46.pdf,/objects/small/r46_sm.jpg,/objects/thumbs/r46_th.jpg
/objects/r47.pdf,/objects/small/r47_sm.jpg,/objects/thumbs/r47_th.jpg
/objects/r48.pdf,/objects/small/r48_sm.jpg,/objects/thumbs/r48_th.jpg
/objects/r5.pdf,/objects/small/r5_sm.jpg,/objects/thumbs/r5_th.jpg
/objects/r50.pdf,/objects/small/r50_sm.jpg,/objects/thumbs/r50_th.jpg
/objects/r51.pdf,/objects/small/r51_sm.jpg,/objects/thumbs/r51_th.jpg
/objects/r7.pdf,/objects/small/r7_sm.jpg,/objects/thumbs/r7_th.jpg
/objects/r79.pdf,/objects/small/r79_sm.jpg,/objects/thumbs/r79_th.jpg
/objects/r8.pdf,/objects/small/r8_sm.jpg,/objects/thumbs/r8_th.jpg
/objects/r80.pdf,/objects/small/r80_sm.jpg,/objects/thumbs/r80_th.jpg
/objects/r81.pdf,/objects/small/r81_sm.jpg,/objects/thumbs/r81_th.jpg
/objects/r85.pdf,/objects/small/r85_sm.jpg,/objects/thumbs/r85_th.jpg
/objects/r9.pdf,/objects/small/r9_sm.jpg,/objects/thumbs/r9_th.jpg
/objects/r94.pdf,/objects/small/r94_sm.jpg,/objects/thumbs/r94_th.jpg
/objects/r95.pdf,/objects/small/r95_sm.jpg,/objects/thumbs/r95_th.jpg
/objects/r96.pdf,/objects/small/r96_sm.jpg,/objects/thumbs/r96_th.jpg
/objects/r98.pdf,/objects/small/r98_sm.jpg,/objects/thumbs/r98_th.jpg
/objects/r99.pdf,/objects/small/r99_sm.jpg,/objects/thumbs/r99_th.jpg
/objects/spaceallocation.pdf,/objects/small/spaceallocation_sm.jpg,/objects/thumbs/spaceallocation_th.jpg
/objects/ug074-01.pdf,/objects/small/ug074-01_sm.jpg,/objects/thumbs/ug074-01_th.jpg
/objects/ug074-02.pdf,/objects/small/ug074-02_sm.jpg,/objects/thumbs/ug074-02_th.jpg
/objects/ug074-03.pdf,/objects/small/ug074-03_sm.jpg,/objects/thumbs/ug074-03_th.jpg
/objects/ug074-04.pdf,/objects/small/ug074-04_sm.jpg,/objects/thumbs/ug074-04_th.jpg
/objects/ug074-05.pdf,/objects/small/ug074-05_sm.jpg,/objects/thumbs/ug074-05_th.jpg
/objects/ug074-06.pdf,/objects/small/ug074-06_sm.jpg,/objects/thumbs/ug074-06_th.jpg
/objects/ug074-07.pdf,/objects/small/ug074-07_sm.jpg,/objects/thumbs/ug074-07_th.jpg
/objects/ug074-08.pdf,/objects/small/ug074-08_sm.jpg,/objects/thumbs/ug074-08_th.jpg
/objects/ug074-09.pdf,/objects/small/ug074-09_sm.jpg,/objects/thumbs/ug074-09_th.jpg
/objects/ug074-10.pdf,/objects/small/ug074-10_sm.jpg,/objects/thumbs/ug074-10_th.jpg
/objects/ug074-11.pdf,/objects/small/ug074-11_sm.jpg,/objects/thumbs/ug074-11_th.jpg
/objects/ug074-12.pdf,/objects/small/ug074-12_sm.jpg,/objects/thumbs/ug074-12_th.jpg
/objects/ug074-13.pdf,/objects/small/ug074-13_sm.jpg,/objects/thumbs/ug074-13_th.jpg
/objects/ug074-14.pdf,/objects/small/ug074-14_sm.jpg,/objects/thumbs/ug074-14_th.jpg
/objects/ug074-15.pdf,/objects/small/ug074-15_sm.jpg,/objects/thumbs/ug074-15_th.jpg
/objects/ug074-16.pdf,/objects/small/ug074-16_sm.jpg,/objects/thumbs/ug074-16_th.jpg
/objects/ug074-17.pdf,/objects/small/ug074-17_sm.jpg,/objects/thumbs/ug074-17_th.jpg
/objects/ug074-18.pdf,/objects/small/ug074-18_sm.jpg,/objects/thumbs/ug074-18_th.jpg
/objects/ug074-19.pdf,/objects/small/ug074-19_sm.jpg,/objects/thumbs/ug074-19_th.jpg
/objects/ug074-20.pdf,/objects/small/ug074-20_sm.jpg,/objects/thumbs/ug074-20_th.jpg
/objects/ug074-21.pdf,/objects/small/ug074-21_sm.jpg,/objects/thumbs/ug074-21_th.jpg
/objects/ug074-22.pdf,/objects/small/ug074-22_sm.jpg,/objects/thumbs/ug074-22_th.jpg
/objects/ug074-23.pdf,/objects/small/ug074-23_sm.jpg,/objects/thumbs/ug074-23_th.jpg
/objects/ug074-24.pdf,/objects/small/ug074-24_sm.jpg,/objects/thumbs/ug074-24_th.jpg
/objects/ug074-25.pdf,/objects/small/ug074-25_sm.jpg,/objects/thumbs/ug074-25_th.jpg
/objects/ug074-26.pdf,/objects/small/ug074-26_sm.jpg,/objects/thumbs/ug074-26_th.jpg
/objects/ug13_251_001.pdf,/objects/small/ug13_251_001_sm.jpg,/objects/thumbs/ug13_251_001_th.jpg
/objects/ug13_251_002.pdf,/objects/small/ug13_251_002_sm.jpg,/objects/thumbs/ug13_251_002_th.jpg
/objects/ug13_251_003.pdf,/objects/small/ug13_251_003_sm.jpg,/objects/thumbs/ug13_251_003_th.jpg
/objects/ug13_251_004.pdf,/objects/small/ug13_251_004_sm.jpg,/objects/thumbs/ug13_251_004_th.jpg
/objects/ug13_251_005.pdf,/objects/small/ug13_251_005_sm.jpg,/objects/thumbs/ug13_251_005_th.jpg
/objects/ug13_251_006.pdf,/objects/small/ug13_251_006_sm.jpg,/objects/thumbs/ug13_251_006_th.jpg
/objects/ug13_251_007.pdf,/objects/small/ug13_251_007_sm.jpg,/objects/thumbs/ug13_251_007_th.jpg
/objects/ug13_251_008.pdf,/objects/small/ug13_251_008_sm.jpg,/objects/thumbs/ug13_251_008_th.jpg
/objects/vf_athletics_basketballprograms_1968_stevebrown_001.jpg,/objects/small/vf_athletics_basketballprograms_1968_stevebrown_001_sm.jpg,/objects/thumbs/vf_athletics_basketballprograms_1968_stevebrown_001_th.jpg
/objects/vf_athletics_basketballprograms_1969_henrypettis_001.jpg,/objects/small/vf_athletics_basketballprograms_1969_henrypettis_001_sm.jpg,/objects/thumbs/vf_athletics_basketballprograms_1969_henrypettis_001_th.jpg
/objects/vf_athletics_basketballprograms_1969_marvwilliams_001.jpg,/objects/small/vf_athletics_basketballprograms_1969_marvwilliams_001_sm.jpg,/objects/thumbs/vf_athletics_basketballprograms_1969_marvwilliams_001_th.jpg
/objects/vf_athletics_basketballprograms_1969_stevebrown_001.jpg,/objects/small/vf_athletics_basketballprograms_1969_stevebrown_001_sm.jpg,/objects/thumbs/vf_athletics_basketballprograms_1969_stevebrown_001_th.jpg
/objects/vf_athletics_basketballprograms_1970_adrianprince_001.jpg,/objects/small/vf_athletics_basketballprograms_1970_adrianprince_001_sm.jpg,/objects/thumbs/vf_athletics_basketballprograms_1970_adrianprince_001_th.jpg
/objects/vf_athletics_basketballprograms_1970_malcolmtaylor_001.jpg,/objects/small/vf_athletics_basketballprograms_1970_malcolmtaylor_001_sm.jpg,/objects/thumbs/vf_athletics_basketballprograms_1970_malcolmtaylor_001_th.jpg
/objects/vf_athletics_basketballprograms_1970_marvwilliams_001.jpg,/objects/small/vf_athletics_basketballprograms_1970_marvwilliams_001_sm.jpg,/objects/thumbs/vf_athletics_basketballprograms_1970_marvwilliams_001_th.jpg
/objects/vf_athletics_basketballprograms_1970_team_001.jpg,/objects/small/vf_athletics_basketballprograms_1970_team_001_sm.jpg,/objects/thumbs/vf_athletics_basketballprograms_1970_team_001_th.jpg
/objects/vf_athletics_basketballprograms_1972_carlosperkins_002.jpg,/objects/small/vf_athletics_basketballprograms_1972_carlosperkins_002_sm.jpg,/objects/thumbs/vf_athletics_basketballprograms_1972_carlosperkins_002_th.jpg
/objects/vf_athletics_basketballprograms_1972_carlrobinson_001.jpg,/objects/small/vf_athletics_basketballprograms_1972_carlrobinson_001_sm.jpg,/objects/thumbs/vf_athletics_basketballprograms_1972_carlrobinson_001_th.jpg
/objects/vf_athletics_basketballprograms_1972_team_001.jpg,/objects/small/vf_athletics_basketballprograms_1972_team_001_sm.jpg,/objects/thumbs/vf_athletics_basketballprograms_1972_team_001_th.jpg
/objects/vf_athletics_basketballprograms_1975_chrisprice_001.jpg,/objects/small/vf_athletics_basketballprograms_1975_chrisprice_001_sm.jpg,/objects/thumbs/vf_athletics_basketballprograms_1975_chrisprice_001_th.jpg
/objects/vf_athletics_basketballprograms_1975_chrisprice_002.jpg,/objects/small/vf_athletics_basketballprograms_1975_chrisprice_002_sm.jpg,/objects/thumbs/vf_athletics_basketballprograms_1975_chrisprice_002_th.jpg
/objects/vf_athletics_basketballprograms_1975_chrisprice_003.jpg,/objects/small/vf_athletics_basketballprograms_1975_chrisprice_003_sm.jpg,/objects/thumbs/vf_athletics_basketballprograms_1975_chrisprice_003_th.jpg
/objects/vf_athletics_basketballprograms_1975_ervinbrown_001.jpg,/objects/small/vf_athletics_basketballprograms_1975_ervinbrown_001_sm.jpg,/objects/thumbs/vf_athletics_basketballprograms_1975_ervinbrown_001_th.jpg
/objects/vf_athletics_basketballprograms_1975_henryharris_001.jpg,/objects/small/vf_athletics_basketballprograms_1975_henryharris_001_sm.jpg,/objects/thumbs/vf_athletics_basketballprograms_1975_henryharris_001_th.jpg
/objects/vf_athletics_basketballprograms_1975_rodneyjohnson_001.jpg,/objects/small/vf_athletics_basketballprograms_1975_rodneyjohnson_001_sm.jpg,/objects/thumbs/vf_athletics_basketballprograms_1975_rodneyjohnson_001_th.jpg
/objects/vf_athletics_basketballprograms_1975_rogerdavis_001.jpg,/objects/small/vf_athletics_basketballprograms_1975_rogerdavis_001_sm.jpg,/objects/thumbs/vf_athletics_basketballprograms_1975_rogerdavis_001_th.jpg
/objects/vf_athletics_basketballprograms_1975_team_001.jpg,/objects/small/vf_athletics_basketballprograms_1975_team_001_sm.jpg,/objects/thumbs/vf_athletics_basketballprograms_1975_team_001_th.jpg
/objects/vf_athletics_basketballprograms_1976_chrismcguire_001.jpg,/objects/small/vf_athletics_basketballprograms_1976_chrismcguire_001_sm.jpg,/objects/thumbs/vf_athletics_basketballprograms_1976_chrismcguire_001_th.jpg
/objects/vf_athletics_basketballprograms_1976_chrismcguire_002.jpg,/objects/small/vf_athletics_basketballprograms_1976_chrismcguire_002_sm.jpg,/objects/thumbs/vf_athletics_basketballprograms_1976_chrismcguire_002_th.jpg
/objects/vf_athletics_basketballprograms_1976_ervinbrown_001.jpg,/objects/small/vf_athletics_basketballprograms_1976_ervinbrown_001_sm.jpg,/objects/thumbs/vf_athletics_basketballprograms_1976_ervinbrown_001_th.jpg
/objects/vf_athletics_basketballprograms_1976_ervinbrown_002.jpg,/objects/small/vf_athletics_basketballprograms_1976_ervinbrown_002_sm.jpg,/objects/thumbs/vf_athletics_basketballprograms_1976_ervinbrown_002_th.jpg
/objects/vf_athletics_basketballprograms_1976_mickeybrown_001.jpg,/objects/small/vf_athletics_basketballprograms_1976_mickeybrown_001_sm.jpg,/objects/thumbs/vf_athletics_basketballprograms_1976_mickeybrown_001_th.jpg
/objects/vf_athletics_basketballprograms_1976_mickeybrown_002.jpg,/objects/small/vf_athletics_basketballprograms_1976_mickeybrown_002_sm.jpg,/objects/thumbs/vf_athletics_basketballprograms_1976_mickeybrown_002_th.jpg
/objects/vf_athletics_basketballprograms_1976_stanleycooks_001.jpg,/objects/small/vf_athletics_basketballprograms_1976_stanleycooks_001_sm.jpg,/objects/thumbs/vf_athletics_basketballprograms_1976_stanleycooks_001_th.jpg
/objects/vf_athletics_basketballprograms_1976_stanleycooks_002.jpg,/objects/small/vf_athletics_basketballprograms_1976_stanleycooks_002_sm.jpg,/objects/thumbs/vf_athletics_basketballprograms_1976_stanleycooks_002_th.jpg
/objects/vf_athletics_basketballprograms_1976_tommyjames_001.jpg,/objects/small/vf_athletics_basketballprograms_1976_tommyjames_001_sm.jpg,/objects/thumbs/vf_athletics_basketballprograms_1976_tommyjames_001_th.jpg
/objects/vf_athletics_basketballprograms_1976_tommyjames_002.jpg,/objects/small/vf_athletics_basketballprograms_1976_tommyjames_002_sm.jpg,/objects/thumbs/vf_athletics_basketballprograms_1976_tommyjames_002_th.jpg
/objects/vf_athletics_footballprograms_1970_fredriley_001.jpg,/objects/small/vf_athletics_footballprograms_1970_fredriley_001_sm.jpg,/objects/thumbs/vf_athletics_footballprograms_1970_fredriley_001_th.jpg
/objects/vf_athletics_footballprograms_1970_jessecraig_001.jpg,/objects/small/vf_athletics_footballprograms_1970_jessecraig_001_sm.jpg,/objects/thumbs/vf_athletics_footballprograms_1970_jessecraig_001_th.jpg
/objects/vf_athletics_footballprograms_1971_bernardrembert_001.jpg,/objects/small/vf_athletics_footballprograms_1971_bernardrembert_001_sm.jpg,/objects/thumbs/vf_athletics_footballprograms_1971_bernardrembert_001_th.jpg
/objects/vf_athletics_footballprograms_1971_fredriley_001.jpg,/objects/small/vf_athletics_footballprograms_1971_fredriley_001_sm.jpg,/objects/thumbs/vf_athletics_footballprograms_1971_fredriley_001_th.jpg
/objects/vf_athletics_footballprograms_1971_fredriley_003.jpg,/objects/small/vf_athletics_footballprograms_1971_fredriley_003_sm.jpg,/objects/thumbs/vf_athletics_footballprograms_1971_fredriley_003_th.jpg
/objects/vf_athletics_footballprograms_1971_fredriley_004.jpg,/objects/small/vf_athletics_footballprograms_1971_fredriley_004_sm.jpg,/objects/thumbs/vf_athletics_footballprograms_1971_fredriley_004_th.jpg
/objects/vf_athletics_footballprograms_1971_fredriley_005.jpg,/objects/small/vf_athletics_footballprograms_1971_fredriley_005_sm.jpg,/objects/thumbs/vf_athletics_footballprograms_1971_fredriley_005_th.jpg
/objects/vf_athletics_footballprograms_1971_fredriley_006.jpg,/objects/small/vf_athletics_footballprograms_1971_fredriley_006_sm.jpg,/objects/thumbs/vf_athletics_footballprograms_1971_fredriley_006_th.jpg
/objects/vf_athletics_footballprograms_1971_jerryhall_001.jpg,/objects/small/vf_athletics_footballprograms_1971_jerryhall_001_sm.jpg,/objects/thumbs/vf_athletics_footballprograms_1971_jerryhall_001_th.jpg
/objects/vf_athletics_footballprograms_1971_malcolmsmith_001.jpg,/objects/small/vf_athletics_footballprograms_1971_malcolmsmith_001_sm.jpg,/objects/thumbs/vf_athletics_footballprograms_1971_malcolmsmith_001_th.jpg
/objects/vf_athletics_footballprograms_1971_robertleewilliams_001.jpg,/objects/small/vf_athletics_footballprograms_1971_robertleewilliams_001_sm.jpg,/objects/thumbs/vf_athletics_footballprograms_1971_robertleewilliams_001_th.jpg
/objects/vf_athletics_footballprograms_1972_bernardrembert_001.jpg,/objects/small/vf_athletics_footballprograms_1972_bernardrembert_001_sm.jpg,/objects/thumbs/vf_athletics_footballprograms_1972_bernardrembert_001_th.jpg
/objects/vf_athletics_footballprograms_1972_colliemack_001.jpg,/objects/small/vf_athletics_footballprograms_1972_colliemack_001_sm.jpg,/objects/thumbs/vf_athletics_footballprograms_1972_colliemack_001_th.jpg
/objects/vf_athletics_footballprograms_1972_colliemack_002.jpg,/objects/small/vf_athletics_footballprograms_1972_colliemack_002_sm.jpg,/objects/thumbs/vf_athletics_footballprograms_1972_colliemack_002_th.jpg
/objects/vf_athletics_footballprograms_1972_darnellstreeter_001.jpg,/objects/small/vf_athletics_footballprograms_1972_darnellstreeter_001_sm.jpg,/objects/thumbs/vf_athletics_footballprograms_1972_darnellstreeter_001_th.jpg
/objects/vf_athletics_footballprograms_1972_jerryhall_003.jpg,/objects/small/vf_athletics_footballprograms_1972_jerryhall_003_sm.jpg,/objects/thumbs/vf_athletics_footballprograms_1972_jerryhall_003_th.jpg
/objects/vf_athletics_footballprograms_1972_mikeautrey_001.jpg,/objects/small/vf_athletics_footballprograms_1972_mikeautrey_001_sm.jpg,/objects/thumbs/vf_athletics_footballprograms_1972_mikeautrey_001_th.jpg
/objects/vf_athletics_footballprograms_1972_mikeautrey_002.jpg,/objects/small/vf_athletics_footballprograms_1972_mikeautrey_002_sm.jpg,/objects/thumbs/vf_athletics_footballprograms_1972_mikeautrey_002_th.jpg
/objects/vf_athletics_footballprograms_1972_ronlockett_001.jpg,/objects/small/vf_athletics_footballprograms_1972_ronlockett_001_sm.jpg,/objects/thumbs/vf_athletics_footballprograms_1972_ronlockett_001_th.jpg
/objects/vf_athletics_footballprograms_1972_stancarter_001.jpg,/objects/small/vf_athletics_footballprograms_1972_stancarter_001_sm.jpg,/objects/thumbs/vf_athletics_footballprograms_1972_stancarter_001_th.jpg
